City_ID,City,Country,Date,Lat,Lng,Max Temp,Humidity,Cloudiness,Wind Speed
0,Saint-Pierre,RE,2022-01-28 00:24:09,-21.3393,55.4781,73.08,73,75,5.75
1,Alencon,FR,2022-01-28 00:24:10,48.4333,0.0833,39.99,99,100,3.24
2,Busselton,AU,2022-01-28 00:24:10,-33.65,115.3333,67.05,60,0,12.35
3,Kapaa,US,2022-01-28 00:24:11,22.0752,-159.319,81.12,69,0,1.99
4,Castro,BR,2022-01-28 00:22:15,-24.7911,-50.0119,65.64,93,100,0.98
5,Vaini,TO,2022-01-28 00:24:11,-21.2,-175.2,82.8,77,73,15.52
6,Pangnirtung,CA,2022-01-28 00:22:34,66.1451,-65.7125,-14.04,89,100,6.42
7,Rimbey,CA,2022-01-28 00:24:12,52.6334,-114.2353,32.92,80,57,5.44
8,Cape Town,ZA,2022-01-28 00:23:17,-33.9258,18.4232,65.26,72,20,10.36
9,La Ronge,CA,2022-01-28 00:24:12,55.1001,-105.2842,8.85,78,100,2.3
10,Bluff,NZ,2022-01-28 00:23:56,-46.6,168.3333,66.79,58,74,6.31
11,Lebu,CL,2022-01-28 00:24:10,-37.6167,-73.65,61.38,91,8,4.36
12,Albany,US,2022-01-28 00:20:52,42.6001,-73.9662,24.46,56,92,4.52
13,Dalian,CN,2022-01-28 00:24:13,38.9122,121.6022,22.93,54,0,4.47
14,Butaritari,KI,2022-01-28 00:22:30,3.0707,172.7902,82.27,77,37,15.12
15,Punta Arenas,CL,2022-01-28 00:21:21,-53.15,-70.9167,51.91,82,0,9.22
16,East London,ZA,2022-01-28 00:21:32,-33.0153,27.9116,73.42,91,13,15.84
17,Corinto,GR,2022-01-28 00:24:14,37.9407,22.9573,43.9,77,3,2.86
18,Klaksvik,FO,2022-01-28 00:24:14,62.2266,-6.589,41.92,73,96,18.37
19,Ushuaia,AR,2022-01-28 00:20:29,-54.8,-68.3,51.46,71,75,10.36
20,San Patricio,US,2022-01-28 00:24:14,28.017,-97.5169,62.69,70,100,9.15
21,Rikitea,PF,2022-01-28 00:24:15,-23.1203,-134.9692,78.73,75,84,17.45
22,Atuona,PF,2022-01-28 00:21:38,-9.8,-139.0333,78.24,77,3,17.36
23,Sept-Iles,CA,2022-01-28 00:23:13,50.2001,-66.3821,14.05,71,75,10.0
24,Dolinsk,RU,2022-01-28 00:24:15,47.35,142.8,-2.34,89,51,3.31
25,Mataura,NZ,2022-01-28 00:24:16,-46.1927,168.8643,66.47,30,53,1.39
26,Waitati,NZ,2022-01-28 00:24:16,-45.75,170.5667,62.8,61,31,5.64
27,Hobart,AU,2022-01-28 00:20:18,-42.8794,147.3294,86.02,56,75,1.99
28,Tasiilaq,GL,2022-01-28 00:23:55,65.6145,-37.6368,21.36,95,100,5.37
29,Tura,IN,2022-01-28 00:24:17,25.5198,90.2201,46.83,66,0,2.8
30,Farafangana,MG,2022-01-28 00:24:17,-22.8167,47.8333,73.51,76,62,4.34
31,Hasaki,JP,2022-01-28 00:24:18,35.7333,140.8333,41.4,58,100,6.78
32,Hermanus,ZA,2022-01-28 00:24:18,-34.4187,19.2345,65.8,80,12,2.93
33,Sao Jose Da Coroa Grande,BR,2022-01-28 00:24:19,-8.8978,-35.1478,78.55,81,86,5.7
34,Jacareacanga,BR,2022-01-28 00:24:19,-6.2222,-57.7528,73.06,98,81,2.39
35,Bambous Virieux,MU,2022-01-28 00:22:20,-20.3428,57.7575,73.65,83,40,5.75
36,Lazaro Cardenas,MX,2022-01-28 00:24:20,17.9583,-102.2,80.53,65,31,8.34
37,Chokurdakh,RU,2022-01-28 00:24:20,70.6333,147.9167,-23.84,92,75,10.38
38,Victoria,HK,2022-01-28 00:22:17,22.2855,114.1577,68.18,93,80,8.99
39,Jamestown,US,2022-01-28 00:21:28,42.097,-79.2353,25.09,62,100,5.01
40,Pevek,RU,2022-01-28 00:24:21,69.7008,170.3133,-27.45,99,29,3.4
41,Yarmouth,US,2022-01-28 00:20:10,41.7057,-70.2286,28.98,68,100,4.0
42,Port Elizabeth,ZA,2022-01-28 00:22:13,-33.918,25.5701,67.1,88,0,5.75
43,Camacha,PT,2022-01-28 00:24:21,33.0833,-16.3333,55.53,88,40,8.05
44,Kinna,SE,2022-01-28 00:24:22,57.5073,12.6946,42.44,67,99,11.65
45,Ormara,PK,2022-01-28 00:24:22,25.2088,64.6357,65.89,49,0,2.33
46,Esperance,AU,2022-01-28 00:23:21,-33.8667,121.9,66.79,64,46,11.48
47,Saint George,US,2022-01-28 00:22:35,37.1041,-113.5841,55.44,16,0,5.01
48,Barabinsk,RU,2022-01-28 00:25:22,55.3571,78.357,-8.34,100,92,6.11
49,Severo-Kurilsk,RU,2022-01-28 00:22:54,50.6789,156.125,24.89,86,95,37.47
50,Ponta Do Sol,PT,2022-01-28 00:22:47,32.6667,-17.1,59.0,76,50,4.92
51,Maragogi,BR,2022-01-28 00:21:55,-9.0122,-35.2225,78.48,81,89,5.68
52,Provideniya,RU,2022-01-28 00:23:58,64.3833,-173.3,-3.64,65,0,6.71
53,Port Alfred,ZA,2022-01-28 00:25:23,-33.5906,26.891,71.46,89,77,14.38
54,Puerto Ayora,EC,2022-01-28 00:22:35,-0.7393,-90.3518,74.52,80,93,7.9
55,Taoudenni,ML,2022-01-28 00:25:24,22.6783,-3.9836,69.22,17,97,12.39
56,Gerash,IR,2022-01-28 00:25:24,27.6652,54.1371,44.74,58,0,2.01
57,Tuktoyaktuk,CA,2022-01-28 00:25:24,69.4541,-133.0374,-20.2,76,20,8.05
58,Avarua,CK,2022-01-28 00:23:18,-21.2078,-159.775,84.25,79,49,16.11
59,Upata,VE,2022-01-28 00:25:25,8.0086,-62.3989,75.2,61,15,4.63
60,Puerto El Triunfo,SV,2022-01-28 00:25:25,13.2833,-88.55,86.92,64,8,5.01
61,Aasiaat,GL,2022-01-28 00:25:26,68.7098,-52.8699,-0.96,92,99,10.38
62,Port Hedland,AU,2022-01-28 00:25:09,-20.3167,118.5667,86.05,66,70,18.41
63,Aksu,CN,2022-01-28 00:25:26,41.1231,80.2644,19.76,64,0,2.21
64,Vila Franca Do Campo,PT,2022-01-28 00:25:26,37.7167,-25.4333,56.19,74,85,9.91
65,Kenai,US,2022-01-28 00:25:27,60.5544,-151.2583,29.14,91,100,16.11
66,Manta,EC,2022-01-28 00:24:59,-0.95,-80.7333,76.78,88,100,4.61
67,Husavik,IS,2022-01-28 00:25:27,66.0449,-17.3389,33.71,81,100,14.92
68,Lixourion,GR,2022-01-28 00:25:28,38.2019,20.4314,47.57,68,9,8.46
69,Qaanaaq,GL,2022-01-28 00:22:59,77.484,-69.3632,-9.76,71,39,7.56
70,Bilma,NE,2022-01-28 00:25:28,18.6853,12.9164,57.2,27,63,8.43
71,Qaqortoq,GL,2022-01-28 00:25:29,60.7167,-46.0333,18.1,88,16,5.23
72,Atambua,ID,2022-01-28 00:25:29,-9.1061,124.8925,77.27,81,100,1.86
73,Tual,ID,2022-01-28 00:23:55,-5.6667,132.75,84.16,72,96,8.84
74,Voyinka,UA,2022-01-28 00:25:30,45.8699,33.9914,26.37,89,78,9.6
75,Souillac,MU,2022-01-28 00:25:30,-20.5167,57.5167,73.78,83,40,5.75
76,Naze,JP,2022-01-28 00:24:40,28.3667,129.4833,59.92,80,92,9.28
77,Kuah,MY,2022-01-28 00:25:30,6.3265,99.8432,78.78,78,20,2.3
78,Saint Anthony,US,2022-01-28 00:25:31,45.0205,-93.218,17.53,50,0,9.22
79,Trincomalee,LK,2022-01-28 00:25:31,8.5711,81.2335,77.67,76,88,9.46
80,Namatanai,PG,2022-01-28 00:22:26,-3.6667,152.4333,85.66,66,77,5.32
81,Mar Del Plata,AR,2022-01-28 00:25:32,-38.0023,-57.5575,63.09,73,0,1.01
82,Sao Joao Da Barra,BR,2022-01-28 00:25:32,-21.6403,-41.0511,76.39,88,4,17.09
83,Cherskiy,RU,2022-01-28 00:25:32,68.75,161.3,-36.33,96,54,1.92
84,Vila Velha,BR,2022-01-28 00:25:33,-20.3297,-40.2925,78.94,84,0,14.0
85,Sestri Levante,IT,2022-01-28 00:25:33,44.2732,9.3968,55.31,83,95,1.99
86,Lorengau,PG,2022-01-28 00:25:34,-2.0226,147.2712,84.58,69,63,5.75
87,Ojinaga,MX,2022-01-28 00:25:34,29.5667,-104.4167,61.57,54,0,0.0
88,Ust-Nera,RU,2022-01-28 00:25:34,64.5667,143.2,-28.03,98,91,2.15
89,Honningsvag,NO,2022-01-28 00:25:35,70.9821,25.9704,28.96,92,100,7.36
90,General Roca,AR,2022-01-28 00:26:35,-39.0333,-67.5833,82.8,22,0,16.13
91,Dukhovshchina,RU,2022-01-28 00:26:36,55.1919,32.4111,25.99,96,100,12.62
92,Imbituba,BR,2022-01-28 00:21:42,-28.24,-48.6703,73.81,86,100,13.65
93,Shieli,KZ,2022-01-28 00:26:36,44.1667,66.75,29.21,69,53,6.67
94,Anadyr,RU,2022-01-28 00:24:54,64.75,177.4833,14.5,73,75,11.18
95,Kurilsk,RU,2022-01-28 00:26:37,45.2333,147.8833,22.5,66,99,12.33
96,Khatanga,RU,2022-01-28 00:22:47,71.9667,102.5,5.49,77,97,16.64
97,Kahului,US,2022-01-28 00:26:37,20.8947,-156.47,84.22,64,20,13.8
98,Kruisfontein,ZA,2022-01-28 00:25:42,-34.0033,24.7314,64.89,83,100,7.23
99,Tias,ES,2022-01-28 00:26:38,28.9611,-13.645,55.15,67,20,10.36
100,Hervey Bay,AU,2022-01-28 00:26:38,-25.2986,152.8535,86.04,69,85,8.01
101,Pa Sang,TH,2022-01-28 00:26:38,18.5262,98.9394,65.37,45,18,0.58
102,Orlik,RU,2022-01-28 00:26:39,52.5178,99.825,-21.44,96,97,1.9
103,Kodiak,US,2022-01-28 00:22:52,57.79,-152.4072,36.91,87,100,13.8
104,Sao Filipe,CV,2022-01-28 00:25:10,14.8961,-24.4956,72.05,72,99,15.32
105,Mazagao,BR,2022-01-28 00:26:39,-0.115,-51.2894,77.05,97,99,3.11
106,La Palma,US,2022-01-28 00:26:40,33.8464,-118.0467,76.42,34,20,3.0
107,Hilo,US,2022-01-28 00:26:40,19.7297,-155.09,82.13,63,0,14.97
108,New Norfolk,AU,2022-01-28 00:24:16,-42.7826,147.0587,85.66,46,47,3.0
109,Cidreira,BR,2022-01-28 00:26:41,-30.1811,-50.2056,72.0,64,80,13.4
110,Dingle,PH,2022-01-28 00:26:41,10.9995,122.6711,79.2,86,78,6.73
111,Pingliang,CN,2022-01-28 00:26:42,35.5392,106.6861,19.92,88,100,5.5
112,Diamantino,BR,2022-01-28 00:26:42,-14.4086,-56.4461,72.79,95,99,4.38
113,Chazuta,PE,2022-01-28 00:26:42,-6.5742,-76.1367,86.85,90,62,0.51
114,Jingdezhen,CN,2022-01-28 00:26:43,29.2947,117.2079,41.07,95,100,4.59
115,Berlevag,NO,2022-01-28 00:26:43,70.8578,29.0864,26.83,88,100,7.29
116,Coquimbo,CL,2022-01-28 00:24:47,-29.9533,-71.3436,63.23,80,28,7.92
117,Garissa,KE,2022-01-28 00:26:44,-0.4536,39.6401,76.71,69,31,7.9
118,Faanui,PF,2022-01-28 00:26:44,-16.4833,-151.75,80.85,76,19,15.48
119,Ahipara,NZ,2022-01-28 00:26:44,-35.1667,173.1667,75.16,51,5,12.06
120,Guerrero Negro,MX,2022-01-28 00:23:03,27.9769,-114.0611,69.21,31,57,10.11
121,San Quintin,MX,2022-01-28 00:26:45,30.4833,-115.95,62.4,52,86,9.24
122,Dikson,RU,2022-01-28 00:25:45,73.5069,80.5464,1.02,95,100,25.59
123,Itapora,BR,2022-01-28 00:26:45,-22.0799,-54.7874,74.16,84,81,6.26
124,Itarema,BR,2022-01-28 00:26:46,-2.9248,-39.9167,76.05,85,100,7.27
125,Poum,NC,2022-01-28 00:23:29,-20.2333,164.0167,83.25,74,17,16.46
126,Wanning,CN,2022-01-28 00:22:57,18.8003,110.3967,69.17,93,26,5.79
127,Uvalde,US,2022-01-28 00:21:50,29.3669,-99.767,58.53,42,100,4.61
128,Rio Claro,BR,2022-01-28 00:26:47,-22.4114,-47.5614,76.39,82,98,3.6
129,Srandakan,ID,2022-01-28 00:26:47,-7.9386,110.2506,78.24,84,100,3.56
130,Santa Isabel Do Rio Negro,BR,2022-01-28 00:26:47,-0.4139,-65.0192,74.34,97,53,1.66
131,Weinan,CN,2022-01-28 00:26:48,34.5036,109.5089,33.49,98,100,1.28
132,Tiksi,RU,2022-01-28 00:26:26,71.6872,128.8694,-14.51,97,29,10.4
133,Tabou,CI,2022-01-28 00:26:48,4.423,-7.3528,79.29,80,33,5.79
134,Ilulissat,GL,2022-01-28 00:22:35,69.2167,-51.1,6.82,72,20,10.36
135,Loreto,MX,2022-01-28 00:26:49,22.2667,-101.9667,65.95,25,54,12.26
136,Port Keats,AU,2022-01-28 00:26:49,-14.25,129.55,81.93,83,91,15.3
137,Pemangkat,ID,2022-01-28 00:24:14,1.1667,108.9667,76.66,88,100,5.55
138,Saint-Philippe,RE,2022-01-28 00:26:50,-21.3585,55.7679,72.99,83,73,8.61
139,Bengkulu,ID,2022-01-28 00:27:50,-3.8004,102.2655,76.64,85,99,3.11
140,Hithadhoo,MV,2022-01-28 00:24:40,-0.6,73.0833,81.07,69,99,14.2
141,Fortuna,US,2022-01-28 00:27:51,40.5982,-124.1573,60.85,70,0,4.0
142,Angoche,MZ,2022-01-28 00:27:51,-16.2325,39.9086,73.13,93,25,6.2
143,Chuy,UY,2022-01-28 00:27:51,-33.6971,-53.4616,65.88,67,62,7.61
144,Spring Hill,US,2022-01-28 00:24:15,28.4769,-82.5255,64.69,76,100,1.99
145,Ierissos,GR,2022-01-28 00:27:52,40.4,23.8833,38.43,61,5,3.98
146,Minot,US,2022-01-28 00:26:49,48.2325,-101.2963,11.39,66,0,6.91
147,Jinxiang,CN,2022-01-28 00:27:52,27.4327,120.6062,49.17,86,100,15.75
148,Kosino,RU,2022-01-28 00:27:53,58.4127,51.2782,0.93,97,94,5.1
149,Kattivakkam,IN,2022-01-28 00:27:53,13.2167,80.3167,79.07,81,56,12.95
150,Westport,US,2022-01-28 00:24:42,41.1415,-73.3579,32.76,73,75,8.99
151,Kentau,KZ,2022-01-28 00:27:54,43.5206,68.5094,34.66,38,45,9.84
152,Eureka,US,2022-01-28 00:27:54,40.8021,-124.1637,61.12,65,0,1.99
153,Yellowknife,CA,2022-01-28 00:23:03,62.456,-114.3525,-5.28,84,40,3.44
154,Airai,TL,2022-01-28 00:27:25,-8.9266,125.4092,67.86,71,99,3.29
155,Harper,LR,2022-01-28 00:27:55,4.375,-7.7169,79.02,81,28,6.44
156,Aklavik,CA,2022-01-28 00:27:55,68.2191,-135.0107,-11.2,70,75,4.61
157,Torbay,CA,2022-01-28 00:27:55,47.6666,-52.7314,20.57,87,100,11.5
158,Kaeo,NZ,2022-01-28 00:27:56,-35.1,173.7833,74.32,68,73,15.32
159,College,US,2022-01-28 00:27:56,64.8569,-147.8028,-6.41,74,100,3.44
160,Aquiraz,BR,2022-01-28 00:27:56,-3.9014,-38.3911,81.21,85,100,7.16
161,Katsuura,JP,2022-01-28 00:25:17,35.1333,140.3,47.1,97,100,9.01
162,Moose Factory,CA,2022-01-28 00:24:18,51.2585,-80.6094,-9.4,70,0,9.22
163,Acarau,BR,2022-01-28 00:23:48,-2.8856,-40.12,75.96,86,100,7.96
164,Acapulco,MX,2022-01-28 00:27:57,16.8634,-99.8901,82.22,74,0,11.5
165,Newport,GB,2022-01-28 00:24:49,51.5877,-2.9984,41.67,90,11,3.85
166,Mahanje,TZ,2022-01-28 00:27:57,-9.9333,35.3333,65.1,97,100,2.51
167,Arraial Do Cabo,BR,2022-01-28 00:24:31,-22.9661,-42.0278,82.26,65,0,19.57
168,Prince George,CA,2022-01-28 00:27:58,53.9166,-122.753,30.29,68,0,4.61
169,Fereydun Kenar,IR,2022-01-28 00:27:58,36.6864,52.5225,49.69,86,100,10.04
170,Maniitsoq,GL,2022-01-28 00:27:59,65.4167,-52.9,4.91,84,100,16.89
171,Upernavik,GL,2022-01-28 00:27:59,72.7868,-56.1549,0.81,95,67,25.21
172,Fez,MA,2022-01-28 00:28:00,34.0372,-4.9998,50.25,49,0,3.44
173,Talnakh,RU,2022-01-28 00:28:00,69.4865,88.3972,4.21,93,100,16.31
174,Neuquen,AR,2022-01-28 00:28:00,-38.9516,-68.0591,82.29,26,0,8.05
175,Carballo,ES,2022-01-28 00:28:01,43.213,-8.691,46.67,88,3,4.41
176,Dhidhdhoo,MV,2022-01-28 00:28:01,6.8833,73.1,78.98,65,30,8.41
177,Eidsvag,NO,2022-01-28 00:28:01,62.7767,8.0668,38.05,79,100,8.7
178,Lagoa,PT,2022-01-28 00:28:02,39.05,-27.9833,59.11,74,22,16.42
179,Kirkenaer,NO,2022-01-28 00:28:02,60.4564,12.0582,38.05,64,94,11.65
180,Kota Kinabalu,MY,2022-01-28 00:28:03,5.9749,116.0724,78.78,89,20,0.0
181,Sainte-Anne-Des-Monts,CA,2022-01-28 00:28:03,49.124,-66.4924,13.87,44,100,10.36
182,Balgazyn,RU,2022-01-28 00:28:03,51.0,95.2,-5.48,100,100,0.96
183,Bonanza,NI,2022-01-28 00:28:04,14.0289,-84.591,71.69,82,50,2.48
184,Flinders,AU,2022-01-28 00:28:04,-34.5833,150.8552,85.05,66,11,5.99
185,Bonthe,SL,2022-01-28 00:28:05,7.5264,-12.505,78.58,81,46,5.7
186,Sioux Lookout,CA,2022-01-28 00:29:05,50.1001,-91.917,-3.62,84,20,5.75
187,Mercedes,AR,2022-01-28 00:29:05,-34.6515,-59.4307,67.84,62,7,5.53
188,Tsaratanana,MG,2022-01-28 00:29:06,-16.7833,47.65,70.21,83,12,7.25
189,Bowen,AU,2022-01-28 00:29:06,-20.0167,148.2333,82.62,76,100,19.15
190,Mumford,GH,2022-01-28 00:29:07,5.2618,-0.759,78.51,87,28,6.31
191,Norman Wells,CA,2022-01-28 00:29:07,65.282,-126.8329,-0.36,78,100,3.44
192,Aykhal,RU,2022-01-28 00:27:16,66.0,111.5,-15.54,99,72,6.96
193,Mareeba,AU,2022-01-28 00:29:08,-17.0,145.4333,81.48,86,99,2.48
194,San Rafael,AR,2022-01-28 00:29:08,-34.6177,-68.3301,72.39,56,59,3.27
195,La Tuque,CA,2022-01-28 00:29:08,47.4334,-72.7824,8.85,78,100,6.91
196,Boras,SE,2022-01-28 00:29:09,57.721,12.9401,38.68,71,91,12.41
197,Fairbanks,US,2022-01-28 00:24:51,64.8378,-147.7164,-6.39,73,100,3.44
198,Vila,PT,2022-01-28 00:29:09,42.0304,-8.1588,42.93,76,2,4.47
199,Vardo,NO,2022-01-28 00:25:10,70.3705,31.1107,26.69,89,100,9.04
200,Bredasdorp,ZA,2022-01-28 00:29:10,-34.5322,20.0403,65.28,88,1,6.91
201,Lashio,MM,2022-01-28 00:29:10,22.9333,97.75,49.73,98,9,0.67
202,Barra Do Garcas,BR,2022-01-28 00:29:10,-15.89,-52.2567,72.52,96,66,4.21
203,Durban,ZA,2022-01-28 00:29:11,-29.8579,31.0292,79.92,93,85,3.24
204,Kaitangata,NZ,2022-01-28 00:25:39,-46.2817,169.8464,59.94,61,35,5.88
205,Tevriz,RU,2022-01-28 00:29:11,57.509,72.4042,5.22,98,79,4.76
206,Hofn,IS,2022-01-28 00:28:00,64.2539,-15.2082,32.74,99,100,4.45
207,Miracema Do Tocantins,BR,2022-01-28 00:29:12,-9.5618,-48.3967,72.5,92,100,1.63
208,Voi,KE,2022-01-28 00:29:12,-3.3945,38.563,69.6,87,71,3.98
209,Amapa,BR,2022-01-28 00:29:13,1.0,-52.0,71.28,100,100,1.88
210,Te Anau,NZ,2022-01-28 00:29:13,-45.4167,167.7167,69.4,40,69,1.52
211,Taltal,CL,2022-01-28 00:29:14,-25.4,-70.4833,67.51,77,1,6.38
212,La Union,PE,2022-01-28 00:29:14,-5.4,-80.75,75.16,69,56,14.14
213,Nuuk,GL,2022-01-28 00:29:14,64.1835,-51.7216,12.81,62,20,10.36
214,Bela,IN,2022-01-28 00:29:15,25.9333,81.9833,47.37,86,0,7.2
215,Krasnoselkup,RU,2022-01-28 00:29:15,65.7,82.4667,1.47,90,100,17.78
216,Barrow,US,2022-01-28 00:29:16,71.2906,-156.7887,-16.58,76,0,8.05
217,Nizwa,OM,2022-01-28 00:29:16,22.9333,57.5333,62.28,46,0,0.87
218,Georgetown,MY,2022-01-28 00:28:13,5.4112,100.3354,78.89,89,20,4.61
219,Banff,CA,2022-01-28 00:29:17,51.1762,-115.5698,33.03,58,50,9.22
220,San Carlos,VE,2022-01-28 00:29:17,9.6612,-68.5827,78.57,55,22,4.43
221,Mandapeta,IN,2022-01-28 00:29:17,16.8667,81.9333,64.81,86,6,6.31
222,Biak,ID,2022-01-28 00:29:18,-0.9131,122.8766,78.35,82,100,1.07
223,Praia Da Vitoria,PT,2022-01-28 00:29:18,38.7333,-27.0667,57.45,94,40,16.6
224,Ancud,CL,2022-01-28 00:24:24,-41.8697,-73.8203,72.93,79,0,4.85
225,Mahebourg,MU,2022-01-28 00:24:31,-20.4081,57.7,73.69,83,40,5.75
226,Antofagasta,CL,2022-01-28 00:25:26,-23.65,-70.4,65.98,79,77,6.49
227,Bagar,IN,2022-01-28 00:29:19,28.1874,75.5005,48.94,41,0,3.74
228,Hobyo,SO,2022-01-28 00:29:19,5.3505,48.5268,75.97,71,100,19.37
229,Boueni,YT,2022-01-28 00:29:19,-12.9025,45.0761,78.78,70,86,4.76
230,Luderitz,NA,2022-01-28 00:29:20,-26.6481,15.1594,67.59,74,0,22.17
231,Skibbereen,IE,2022-01-28 00:29:20,51.55,-9.2667,40.8,90,84,4.97
232,Coihaique,CL,2022-01-28 00:26:11,-45.5752,-72.0662,79.41,29,0,4.61
233,Cabo San Lucas,MX,2022-01-28 00:29:21,22.8909,-109.9124,75.51,51,20,8.05
234,Saint-Pierre,RE,2022-01-28 00:24:09,-21.3393,55.4781,73.08,73,75,5.75
235,Alencon,FR,2022-01-28 00:24:10,48.4333,0.0833,39.99,99,100,3.24
236,Busselton,AU,2022-01-28 00:24:10,-33.65,115.3333,67.05,60,0,12.35
237,Kapaa,US,2022-01-28 00:31:15,22.0752,-159.319,80.11,75,0,1.01
238,Castro,BR,2022-01-28 00:31:15,-24.7911,-50.0119,65.62,96,100,3.15
239,Vaini,TO,2022-01-28 00:24:11,-21.2,-175.2,82.8,77,73,15.52
240,Pangnirtung,CA,2022-01-28 00:22:34,66.1451,-65.7125,-14.04,89,100,6.42
241,Rimbey,CA,2022-01-28 00:30:33,52.6334,-114.2353,32.92,78,100,6.02
242,Cape Town,ZA,2022-01-28 00:28:55,-33.9258,18.4232,65.26,72,20,10.36
243,La Ronge,CA,2022-01-28 00:31:16,55.1001,-105.2842,8.85,78,100,2.3
244,Bluff,NZ,2022-01-28 00:29:19,-46.6,168.3333,66.79,58,74,6.31
245,Lebu,CL,2022-01-28 00:24:10,-37.6167,-73.65,61.38,91,8,4.36
246,Albany,US,2022-01-28 00:26:27,42.6001,-73.9662,24.46,56,92,4.52
247,Dalian,CN,2022-01-28 00:31:17,38.9122,121.6022,22.93,54,0,4.47
248,Butaritari,KI,2022-01-28 00:31:17,3.0707,172.7902,82.31,77,2,15.68
249,Punta Arenas,CL,2022-01-28 00:21:21,-53.15,-70.9167,51.91,82,0,9.22
250,East London,ZA,2022-01-28 00:21:32,-33.0153,27.9116,73.42,91,13,15.84
251,Corinto,GR,2022-01-28 00:24:14,37.9407,22.9573,43.9,77,3,2.86
252,Klaksvik,FO,2022-01-28 00:24:14,62.2266,-6.589,41.92,73,96,18.37
253,Ushuaia,AR,2022-01-28 00:20:29,-54.8,-68.3,51.46,71,75,10.36
254,San Patricio,US,2022-01-28 00:24:14,28.017,-97.5169,62.69,70,100,9.15
255,Rikitea,PF,2022-01-28 00:24:15,-23.1203,-134.9692,78.73,75,84,17.45
256,Atuona,PF,2022-01-28 00:21:38,-9.8,-139.0333,78.24,77,3,17.36
257,Sept-Iles,CA,2022-01-28 00:23:13,50.2001,-66.3821,14.05,71,75,10.0
258,Dolinsk,RU,2022-01-28 00:24:15,47.35,142.8,-2.34,89,51,3.31
259,Mataura,NZ,2022-01-28 00:24:16,-46.1927,168.8643,66.47,30,53,1.39
260,Waitati,NZ,2022-01-28 00:24:16,-45.75,170.5667,62.8,61,31,5.64
261,Hobart,AU,2022-01-28 00:20:18,-42.8794,147.3294,86.02,56,75,1.99
262,Tasiilaq,GL,2022-01-28 00:23:55,65.6145,-37.6368,21.36,95,100,5.37
263,Tura,IN,2022-01-28 00:24:17,25.5198,90.2201,46.83,66,0,2.8
264,Farafangana,MG,2022-01-28 00:24:17,-22.8167,47.8333,73.51,76,62,4.34
265,Hasaki,JP,2022-01-28 00:24:18,35.7333,140.8333,41.4,58,100,6.78
266,Hermanus,ZA,2022-01-28 00:24:18,-34.4187,19.2345,65.8,80,12,2.93
267,Sao Jose Da Coroa Grande,BR,2022-01-28 00:24:19,-8.8978,-35.1478,78.55,81,86,5.7
268,Jacareacanga,BR,2022-01-28 00:24:19,-6.2222,-57.7528,73.06,98,81,2.39
269,Bambous Virieux,MU,2022-01-28 00:22:20,-20.3428,57.7575,73.65,83,40,5.75
270,Lazaro Cardenas,MX,2022-01-28 00:24:20,17.9583,-102.2,80.53,65,31,8.34
271,Chokurdakh,RU,2022-01-28 00:24:20,70.6333,147.9167,-23.84,92,75,10.38
272,Victoria,HK,2022-01-28 00:22:17,22.2855,114.1577,68.18,93,80,8.99
273,Jamestown,US,2022-01-28 00:21:28,42.097,-79.2353,25.09,62,100,5.01
274,Pevek,RU,2022-01-28 00:24:21,69.7008,170.3133,-27.45,99,29,3.4
275,Yarmouth,US,2022-01-28 00:20:10,41.7057,-70.2286,28.98,68,100,4.0
276,Port Elizabeth,ZA,2022-01-28 00:22:13,-33.918,25.5701,67.1,88,0,5.75
277,Camacha,PT,2022-01-28 00:24:21,33.0833,-16.3333,55.53,88,40,8.05
278,Kinna,SE,2022-01-28 00:24:22,57.5073,12.6946,42.44,67,99,11.65
279,Ormara,PK,2022-01-28 00:24:22,25.2088,64.6357,65.89,49,0,2.33
280,Esperance,AU,2022-01-28 00:23:21,-33.8667,121.9,66.79,64,46,11.48
281,Saint George,US,2022-01-28 00:22:35,37.1041,-113.5841,55.44,16,0,5.01
282,Barabinsk,RU,2022-01-28 00:25:22,55.3571,78.357,-8.34,100,92,6.11
283,Severo-Kurilsk,RU,2022-01-28 00:22:54,50.6789,156.125,24.89,86,95,37.47
284,Ponta Do Sol,PT,2022-01-28 00:22:47,32.6667,-17.1,59.0,76,50,4.92
285,Maragogi,BR,2022-01-28 00:21:55,-9.0122,-35.2225,78.48,81,89,5.68
286,Provideniya,RU,2022-01-28 00:23:58,64.3833,-173.3,-3.64,65,0,6.71
287,Port Alfred,ZA,2022-01-28 00:25:23,-33.5906,26.891,71.46,89,77,14.38
288,Puerto Ayora,EC,2022-01-28 00:22:35,-0.7393,-90.3518,74.52,80,93,7.9
289,Taoudenni,ML,2022-01-28 00:25:24,22.6783,-3.9836,69.22,17,97,12.39
290,Gerash,IR,2022-01-28 00:25:24,27.6652,54.1371,44.74,58,0,2.01
291,Tuktoyaktuk,CA,2022-01-28 00:25:24,69.4541,-133.0374,-20.2,76,20,8.05
292,Avarua,CK,2022-01-28 00:23:18,-21.2078,-159.775,84.25,79,49,16.11
293,Upata,VE,2022-01-28 00:25:25,8.0086,-62.3989,75.2,61,15,4.63
294,Puerto El Triunfo,SV,2022-01-28 00:25:25,13.2833,-88.55,86.92,64,8,5.01
295,Aasiaat,GL,2022-01-28 00:25:26,68.7098,-52.8699,-0.96,92,99,10.38
296,Port Hedland,AU,2022-01-28 00:25:09,-20.3167,118.5667,86.05,66,70,18.41
297,Aksu,CN,2022-01-28 00:25:26,41.1231,80.2644,19.76,64,0,2.21
298,Vila Franca Do Campo,PT,2022-01-28 00:25:26,37.7167,-25.4333,56.19,74,85,9.91
299,Kenai,US,2022-01-28 00:25:27,60.5544,-151.2583,29.14,91,100,16.11
300,Manta,EC,2022-01-28 00:24:59,-0.95,-80.7333,76.78,88,100,4.61
301,Husavik,IS,2022-01-28 00:25:27,66.0449,-17.3389,33.71,81,100,14.92
302,Lixourion,GR,2022-01-28 00:25:28,38.2019,20.4314,47.57,68,9,8.46
303,Qaanaaq,GL,2022-01-28 00:22:59,77.484,-69.3632,-9.76,71,39,7.56
304,Bilma,NE,2022-01-28 00:25:28,18.6853,12.9164,57.2,27,63,8.43
305,Qaqortoq,GL,2022-01-28 00:25:29,60.7167,-46.0333,18.1,88,16,5.23
306,Atambua,ID,2022-01-28 00:25:29,-9.1061,124.8925,77.27,81,100,1.86
307,Tual,ID,2022-01-28 00:23:55,-5.6667,132.75,84.16,72,96,8.84
308,Voyinka,UA,2022-01-28 00:25:30,45.8699,33.9914,26.37,89,78,9.6
309,Souillac,MU,2022-01-28 00:25:30,-20.5167,57.5167,73.78,83,40,5.75
310,Naze,JP,2022-01-28 00:24:40,28.3667,129.4833,59.92,80,92,9.28
311,Kuah,MY,2022-01-28 00:25:30,6.3265,99.8432,78.78,78,20,2.3
312,Saint Anthony,US,2022-01-28 00:25:31,45.0205,-93.218,17.53,50,0,9.22
313,Trincomalee,LK,2022-01-28 00:25:31,8.5711,81.2335,77.67,76,88,9.46
314,Namatanai,PG,2022-01-28 00:22:26,-3.6667,152.4333,85.66,66,77,5.32
315,Mar Del Plata,AR,2022-01-28 00:25:32,-38.0023,-57.5575,63.09,73,0,1.01
316,Sao Joao Da Barra,BR,2022-01-28 00:25:32,-21.6403,-41.0511,76.39,88,4,17.09
317,Cherskiy,RU,2022-01-28 00:25:32,68.75,161.3,-36.33,96,54,1.92
318,Vila Velha,BR,2022-01-28 00:25:33,-20.3297,-40.2925,78.94,84,0,14.0
319,Sestri Levante,IT,2022-01-28 00:25:33,44.2732,9.3968,55.31,83,95,1.99
320,Lorengau,PG,2022-01-28 00:25:34,-2.0226,147.2712,84.58,69,63,5.75
321,Ojinaga,MX,2022-01-28 00:25:34,29.5667,-104.4167,61.57,54,0,0.0
322,Ust-Nera,RU,2022-01-28 00:25:34,64.5667,143.2,-28.03,98,91,2.15
323,Honningsvag,NO,2022-01-28 00:25:35,70.9821,25.9704,28.96,92,100,7.36
324,General Roca,AR,2022-01-28 00:26:35,-39.0333,-67.5833,82.8,22,0,16.13
325,Dukhovshchina,RU,2022-01-28 00:26:36,55.1919,32.4111,25.99,96,100,12.62
326,Imbituba,BR,2022-01-28 00:21:42,-28.24,-48.6703,73.81,86,100,13.65
327,Shieli,KZ,2022-01-28 00:26:36,44.1667,66.75,29.21,69,53,6.67
328,Anadyr,RU,2022-01-28 00:33:28,64.75,177.4833,14.5,73,75,11.18
329,Kurilsk,RU,2022-01-28 00:33:28,45.2333,147.8833,22.59,63,100,12.75
330,Khatanga,RU,2022-01-28 00:22:47,71.9667,102.5,5.49,77,97,16.64
331,Kahului,US,2022-01-28 00:26:37,20.8947,-156.47,84.22,64,20,13.8
332,Kruisfontein,ZA,2022-01-28 00:25:42,-34.0033,24.7314,64.89,83,100,7.23
333,Tias,ES,2022-01-28 00:26:38,28.9611,-13.645,55.15,67,20,10.36
334,Hervey Bay,AU,2022-01-28 00:33:29,-25.2986,152.8535,87.04,70,61,7.0
335,Pa Sang,TH,2022-01-28 00:33:29,18.5262,98.9394,65.37,46,9,0.72
336,Orlik,RU,2022-01-28 00:26:39,52.5178,99.825,-21.44,96,97,1.9
337,Kodiak,US,2022-01-28 00:22:52,57.79,-152.4072,36.91,87,100,13.8
338,Sao Filipe,CV,2022-01-28 00:25:10,14.8961,-24.4956,72.05,72,99,15.32
339,Mazagao,BR,2022-01-28 00:26:39,-0.115,-51.2894,77.05,97,99,3.11
340,La Palma,US,2022-01-28 00:26:40,33.8464,-118.0467,76.42,34,20,3.0
341,Hilo,US,2022-01-28 00:26:40,19.7297,-155.09,82.13,63,0,14.97
342,New Norfolk,AU,2022-01-28 00:24:16,-42.7826,147.0587,85.66,46,47,3.0
343,Cidreira,BR,2022-01-28 00:26:41,-30.1811,-50.2056,72.0,64,80,13.4
344,Dingle,PH,2022-01-28 00:26:41,10.9995,122.6711,79.2,86,78,6.73
345,Pingliang,CN,2022-01-28 00:26:42,35.5392,106.6861,19.92,88,100,5.5
346,Diamantino,BR,2022-01-28 00:26:42,-14.4086,-56.4461,72.79,95,99,4.38
347,Chazuta,PE,2022-01-28 00:26:42,-6.5742,-76.1367,86.85,90,62,0.51
348,Jingdezhen,CN,2022-01-28 00:26:43,29.2947,117.2079,41.07,95,100,4.59
349,Berlevag,NO,2022-01-28 00:26:43,70.8578,29.0864,26.83,88,100,7.29
350,Coquimbo,CL,2022-01-28 00:24:47,-29.9533,-71.3436,63.23,80,28,7.92
351,Garissa,KE,2022-01-28 00:26:44,-0.4536,39.6401,76.71,69,31,7.9
352,Faanui,PF,2022-01-28 00:26:44,-16.4833,-151.75,80.85,76,19,15.48
353,Ahipara,NZ,2022-01-28 00:26:44,-35.1667,173.1667,75.16,51,5,12.06
354,Guerrero Negro,MX,2022-01-28 00:23:03,27.9769,-114.0611,69.21,31,57,10.11
355,San Quintin,MX,2022-01-28 00:26:45,30.4833,-115.95,62.4,52,86,9.24
356,Dikson,RU,2022-01-28 00:25:45,73.5069,80.5464,1.02,95,100,25.59
357,Itapora,BR,2022-01-28 00:26:45,-22.0799,-54.7874,74.16,84,81,6.26
358,Itarema,BR,2022-01-28 00:26:46,-2.9248,-39.9167,76.05,85,100,7.27
359,Poum,NC,2022-01-28 00:23:29,-20.2333,164.0167,83.25,74,17,16.46
360,Wanning,CN,2022-01-28 00:22:57,18.8003,110.3967,69.17,93,26,5.79
361,Uvalde,US,2022-01-28 00:21:50,29.3669,-99.767,58.53,42,100,4.61
362,Rio Claro,BR,2022-01-28 00:26:47,-22.4114,-47.5614,76.39,82,98,3.6
363,Srandakan,ID,2022-01-28 00:26:47,-7.9386,110.2506,78.24,84,100,3.56
364,Santa Isabel Do Rio Negro,BR,2022-01-28 00:26:47,-0.4139,-65.0192,74.34,97,53,1.66
365,Weinan,CN,2022-01-28 00:26:48,34.5036,109.5089,33.49,98,100,1.28
366,Tiksi,RU,2022-01-28 00:26:26,71.6872,128.8694,-14.51,97,29,10.4
367,Tabou,CI,2022-01-28 00:26:48,4.423,-7.3528,79.29,80,33,5.79
368,Ilulissat,GL,2022-01-28 00:22:35,69.2167,-51.1,6.82,72,20,10.36
369,Loreto,MX,2022-01-28 00:26:49,22.2667,-101.9667,65.95,25,54,12.26
370,Port Keats,AU,2022-01-28 00:26:49,-14.25,129.55,81.93,83,91,15.3
371,Pemangkat,ID,2022-01-28 00:24:14,1.1667,108.9667,76.66,88,100,5.55
372,Saint-Philippe,RE,2022-01-28 00:26:50,-21.3585,55.7679,72.99,83,73,8.61
373,Bengkulu,ID,2022-01-28 00:27:50,-3.8004,102.2655,76.64,85,99,3.11
374,Hithadhoo,MV,2022-01-28 00:24:40,-0.6,73.0833,81.07,69,99,14.2
375,Fortuna,US,2022-01-28 00:27:51,40.5982,-124.1573,60.85,70,0,4.0
376,Angoche,MZ,2022-01-28 00:27:51,-16.2325,39.9086,73.13,93,25,6.2
377,Chuy,UY,2022-01-28 00:27:51,-33.6971,-53.4616,65.88,67,62,7.61
378,Spring Hill,US,2022-01-28 00:24:15,28.4769,-82.5255,64.69,76,100,1.99
379,Ierissos,GR,2022-01-28 00:27:52,40.4,23.8833,38.43,61,5,3.98
380,Minot,US,2022-01-28 00:26:49,48.2325,-101.2963,11.39,66,0,6.91
381,Jinxiang,CN,2022-01-28 00:27:52,27.4327,120.6062,49.17,86,100,15.75
382,Kosino,RU,2022-01-28 00:27:53,58.4127,51.2782,0.93,97,94,5.1
383,Kattivakkam,IN,2022-01-28 00:27:53,13.2167,80.3167,79.07,81,56,12.95
384,Westport,US,2022-01-28 00:24:42,41.1415,-73.3579,32.76,73,75,8.99
385,Kentau,KZ,2022-01-28 00:27:54,43.5206,68.5094,34.66,38,45,9.84
386,Eureka,US,2022-01-28 00:27:54,40.8021,-124.1637,61.12,65,0,1.99
387,Yellowknife,CA,2022-01-28 00:23:03,62.456,-114.3525,-5.28,84,40,3.44
388,Airai,TL,2022-01-28 00:27:25,-8.9266,125.4092,67.86,71,99,3.29
389,Harper,LR,2022-01-28 00:27:55,4.375,-7.7169,79.02,81,28,6.44
390,Aklavik,CA,2022-01-28 00:27:55,68.2191,-135.0107,-11.2,70,75,4.61
391,Torbay,CA,2022-01-28 00:27:55,47.6666,-52.7314,20.57,87,100,11.5
392,Kaeo,NZ,2022-01-28 00:27:56,-35.1,173.7833,74.32,68,73,15.32
393,College,US,2022-01-28 00:27:56,64.8569,-147.8028,-6.41,74,100,3.44
394,Aquiraz,BR,2022-01-28 00:27:56,-3.9014,-38.3911,81.21,85,100,7.16
395,Katsuura,JP,2022-01-28 00:25:17,35.1333,140.3,47.1,97,100,9.01
396,Moose Factory,CA,2022-01-28 00:24:18,51.2585,-80.6094,-9.4,70,0,9.22
397,Acarau,BR,2022-01-28 00:23:48,-2.8856,-40.12,75.96,86,100,7.96
398,Acapulco,MX,2022-01-28 00:27:57,16.8634,-99.8901,82.22,74,0,11.5
399,Newport,GB,2022-01-28 00:24:49,51.5877,-2.9984,41.67,90,11,3.85
400,Mahanje,TZ,2022-01-28 00:27:57,-9.9333,35.3333,65.1,97,100,2.51
401,Arraial Do Cabo,BR,2022-01-28 00:24:31,-22.9661,-42.0278,82.26,65,0,19.57
402,Prince George,CA,2022-01-28 00:27:58,53.9166,-122.753,30.29,68,0,4.61
403,Fereydun Kenar,IR,2022-01-28 00:27:58,36.6864,52.5225,49.69,86,100,10.04
404,Maniitsoq,GL,2022-01-28 00:27:59,65.4167,-52.9,4.91,84,100,16.89
405,Upernavik,GL,2022-01-28 00:27:59,72.7868,-56.1549,0.81,95,67,25.21
406,Fez,MA,2022-01-28 00:28:00,34.0372,-4.9998,50.25,49,0,3.44
407,Talnakh,RU,2022-01-28 00:28:00,69.4865,88.3972,4.21,93,100,16.31
408,Neuquen,AR,2022-01-28 00:28:00,-38.9516,-68.0591,82.29,26,0,8.05
409,Carballo,ES,2022-01-28 00:28:01,43.213,-8.691,46.67,88,3,4.41
410,Dhidhdhoo,MV,2022-01-28 00:28:01,6.8833,73.1,78.98,65,30,8.41
411,Eidsvag,NO,2022-01-28 00:28:01,62.7767,8.0668,38.05,79,100,8.7
412,Lagoa,PT,2022-01-28 00:28:02,39.05,-27.9833,59.11,74,22,16.42
413,Kirkenaer,NO,2022-01-28 00:28:02,60.4564,12.0582,38.05,64,94,11.65
414,Kota Kinabalu,MY,2022-01-28 00:28:03,5.9749,116.0724,78.78,89,20,0.0
415,Sainte-Anne-Des-Monts,CA,2022-01-28 00:28:03,49.124,-66.4924,13.87,44,100,10.36
416,Balgazyn,RU,2022-01-28 00:28:03,51.0,95.2,-5.48,100,100,0.96
417,Bonanza,NI,2022-01-28 00:28:04,14.0289,-84.591,71.69,82,50,2.48
418,Flinders,AU,2022-01-28 00:28:04,-34.5833,150.8552,85.05,66,11,5.99
419,Bonthe,SL,2022-01-28 00:28:05,7.5264,-12.505,78.58,81,46,5.7
420,Sioux Lookout,CA,2022-01-28 00:29:05,50.1001,-91.917,-3.62,84,20,5.75
421,Mercedes,AR,2022-01-28 00:29:05,-34.6515,-59.4307,67.84,62,7,5.53
422,Tsaratanana,MG,2022-01-28 00:29:06,-16.7833,47.65,70.21,83,12,7.25
423,Bowen,AU,2022-01-28 00:31:59,-20.0167,148.2333,82.62,75,100,17.4
424,Mumford,GH,2022-01-28 00:35:40,5.2618,-0.759,78.4,87,6,5.95
425,Norman Wells,CA,2022-01-28 00:32:51,65.282,-126.8329,-0.36,78,100,3.44
426,Aykhal,RU,2022-01-28 00:33:16,66.0,111.5,-16.92,99,22,6.58
427,Mareeba,AU,2022-01-28 00:32:03,-17.0,145.4333,82.49,86,95,2.28
428,San Rafael,AR,2022-01-28 00:33:11,-34.6177,-68.3301,72.57,56,100,4.16
429,La Tuque,CA,2022-01-28 00:35:41,47.4334,-72.7824,8.85,78,100,6.91
430,Boras,SE,2022-01-28 00:35:41,57.721,12.9401,39.69,70,19,12.55
431,Fairbanks,US,2022-01-28 00:33:46,64.8378,-147.7164,-7.4,74,100,3.44
432,Vila,PT,2022-01-28 00:29:09,42.0304,-8.1588,42.93,76,2,4.47
433,Vardo,NO,2022-01-28 00:25:10,70.3705,31.1107,26.69,89,100,9.04
434,Bredasdorp,ZA,2022-01-28 00:29:10,-34.5322,20.0403,65.28,88,1,6.91
435,Lashio,MM,2022-01-28 00:29:10,22.9333,97.75,49.73,98,9,0.67
436,Barra Do Garcas,BR,2022-01-28 00:29:10,-15.89,-52.2567,72.52,96,66,4.21
437,Durban,ZA,2022-01-28 00:29:11,-29.8579,31.0292,79.92,93,85,3.24
438,Kaitangata,NZ,2022-01-28 00:25:39,-46.2817,169.8464,59.94,61,35,5.88
439,Tevriz,RU,2022-01-28 00:29:11,57.509,72.4042,5.22,98,79,4.76
440,Hofn,IS,2022-01-28 00:28:00,64.2539,-15.2082,32.74,99,100,4.45
441,Miracema Do Tocantins,BR,2022-01-28 00:29:12,-9.5618,-48.3967,72.5,92,100,1.63
442,Voi,KE,2022-01-28 00:29:12,-3.3945,38.563,69.6,87,71,3.98
443,Amapa,BR,2022-01-28 00:29:13,1.0,-52.0,71.28,100,100,1.88
444,Te Anau,NZ,2022-01-28 00:29:13,-45.4167,167.7167,69.4,40,69,1.52
445,Taltal,CL,2022-01-28 00:29:14,-25.4,-70.4833,67.51,77,1,6.38
446,La Union,PE,2022-01-28 00:29:14,-5.4,-80.75,75.16,69,56,14.14
447,Nuuk,GL,2022-01-28 00:29:14,64.1835,-51.7216,12.81,62,20,10.36
448,Bela,IN,2022-01-28 00:29:15,25.9333,81.9833,47.37,86,0,7.2
449,Krasnoselkup,RU,2022-01-28 00:29:15,65.7,82.4667,1.47,90,100,17.78
450,Barrow,US,2022-01-28 00:29:16,71.2906,-156.7887,-16.58,76,0,8.05
451,Nizwa,OM,2022-01-28 00:29:16,22.9333,57.5333,62.28,46,0,0.87
452,Georgetown,MY,2022-01-28 00:28:13,5.4112,100.3354,78.89,89,20,4.61
453,Banff,CA,2022-01-28 00:29:17,51.1762,-115.5698,33.03,58,50,9.22
454,San Carlos,VE,2022-01-28 00:29:17,9.6612,-68.5827,78.57,55,22,4.43
455,Mandapeta,IN,2022-01-28 00:29:17,16.8667,81.9333,64.81,86,6,6.31
456,Biak,ID,2022-01-28 00:29:18,-0.9131,122.8766,78.35,82,100,1.07
457,Praia Da Vitoria,PT,2022-01-28 00:29:18,38.7333,-27.0667,57.45,94,40,16.6
458,Ancud,CL,2022-01-28 00:24:24,-41.8697,-73.8203,72.93,79,0,4.85
459,Mahebourg,MU,2022-01-28 00:24:31,-20.4081,57.7,73.69,83,40,5.75
460,Antofagasta,CL,2022-01-28 00:25:26,-23.65,-70.4,65.98,79,77,6.49
461,Bagar,IN,2022-01-28 00:29:19,28.1874,75.5005,48.94,41,0,3.74
462,Hobyo,SO,2022-01-28 00:29:19,5.3505,48.5268,75.97,71,100,19.37
463,Boueni,YT,2022-01-28 00:29:19,-12.9025,45.0761,78.78,70,86,4.76
464,Luderitz,NA,2022-01-28 00:29:20,-26.6481,15.1594,67.59,74,0,22.17
465,Skibbereen,IE,2022-01-28 00:29:20,51.55,-9.2667,40.8,90,84,4.97
466,Coihaique,CL,2022-01-28 00:26:11,-45.5752,-72.0662,79.41,29,0,4.61
467,Cabo San Lucas,MX,2022-01-28 00:29:21,22.8909,-109.9124,75.51,51,20,8.05
468,Touros,BR,2022-01-28 00:36:46,-5.1989,-35.4608,77.9,81,100,7.07
469,Bathsheba,BB,2022-01-28 00:36:46,13.2167,-59.5167,74.01,83,20,6.91
470,Guarapari,BR,2022-01-28 00:36:46,-20.6667,-40.4975,78.89,85,0,12.91
471,Zhanaozen,KZ,2022-01-28 00:36:47,43.3,52.8,33.42,79,100,15.26
472,Kidodi,TZ,2022-01-28 00:36:47,-7.6036,37.0044,72.37,92,100,3.18
473,Penzance,GB,2022-01-28 00:36:48,50.1186,-5.5371,48.76,82,17,4.29
474,Carnarvon,AU,2022-01-28 00:36:48,-24.8667,113.6333,78.87,73,40,4.61
475,Ca Mau,VN,2022-01-28 00:36:49,9.1769,105.15,78.03,74,100,3.33
476,Clyde River,CA,2022-01-28 00:36:49,70.4692,-68.5914,-7.37,84,100,23.02
477,San Juan,AR,2022-01-28 00:36:49,-31.5375,-68.5364,71.19,68,20,6.69
478,Barranca,PE,2022-01-28 00:34:42,-10.75,-77.7667,70.38,83,100,6.53
479,Moberly,US,2022-01-28 00:34:08,39.4184,-92.4382,36.82,67,100,8.05
480,Buchanan,LR,2022-01-28 00:32:33,5.8808,-10.0467,78.26,83,66,6.4
481,Cuenca,EC,2022-01-28 00:36:50,-2.8833,-78.9833,59.13,88,75,4.61
482,Bossangoa,CF,2022-01-28 00:31:58,6.4926,17.4552,68.76,28,0,3.02
483,Luwuk,ID,2022-01-28 00:36:51,-0.9516,122.7875,81.63,82,100,1.92
484,Altagracia De Orituco,VE,2022-01-28 00:36:51,9.8601,-66.3814,69.03,88,19,5.75
485,Hazorasp,UZ,2022-01-28 00:36:52,41.3194,61.0742,33.64,62,100,7.4
486,Peniche,PT,2022-01-28 00:36:52,39.3558,-9.3811,54.45,59,0,10.42
487,Nancha,CN,2022-01-28 00:36:53,47.1333,129.2667,4.1,79,95,4.5
488,Pokrovsk,UA,2022-01-28 00:36:53,48.282,37.1758,7.9,99,90,6.24
489,Shvartsevskiy,RU,2022-01-28 00:36:54,54.0961,37.9917,8.33,94,71,12.12
490,Mastic Beach,US,2022-01-28 00:36:55,40.7668,-72.8521,32.99,69,75,1.01
491,Moerai,PF,2022-01-28 00:36:55,-22.4333,-151.3333,79.93,77,12,14.47
492,Salalah,OM,2022-01-28 00:36:55,17.0151,54.0924,71.69,68,20,2.3
493,Palmer,US,2022-01-28 00:32:45,42.1584,-72.3287,22.42,57,75,3.0
494,Denpasar,ID,2022-01-28 00:36:56,-8.65,115.2167,80.26,83,75,4.61
495,Rabo De Peixe,PT,2022-01-28 00:36:56,37.8,-25.5833,55.27,95,20,8.05
496,Constitucion,CL,2022-01-28 00:36:57,-35.3333,-72.4167,59.67,93,36,5.12
497,Terrace Bay,CA,2022-01-28 00:36:57,48.7834,-87.1,-0.78,90,6,10.4
498,Renqiu,CN,2022-01-28 00:36:58,38.6989,116.0936,26.19,34,26,2.66
499,Saint-Georges,GD,2022-01-28 00:36:58,12.0564,-61.7485,74.88,88,75,11.5
500,Altamira,BR,2022-01-28 00:36:58,-3.2033,-52.2064,70.5,99,95,1.12
501,Yumen,CN,2022-01-28 00:36:59,40.2833,97.2,17.44,43,4,6.33
502,Ishigaki,JP,2022-01-28 00:36:59,24.3448,124.1572,73.53,83,75,16.11
503,Shwebo,MM,2022-01-28 00:36:59,22.5667,95.7,60.87,84,5,4.16
504,Walvis Bay,NA,2022-01-28 00:37:00,-22.9575,14.5053,63.55,88,40,4.61
505,Saint-Raymond,CA,2022-01-28 00:33:13,45.467,-73.6095,23.86,81,100,4.61
506,Trairi,BR,2022-01-28 00:37:00,-3.2778,-39.2689,74.73,91,100,5.86
507,Codrington,AU,2022-01-28 00:37:01,-38.2667,141.9667,70.61,78,74,6.42
508,Tuatapere,NZ,2022-01-28 00:37:01,-46.1333,167.6833,66.81,40,100,5.95
509,Baiyin,CN,2022-01-28 00:37:01,36.5583,104.2081,13.08,82,100,4.0
510,Halifax,CA,2022-01-28 00:33:58,44.6453,-63.5724,17.65,75,20,1.01
511,Mahajanga,MG,2022-01-28 00:36:13,-15.7167,46.3167,75.22,94,20,4.61
512,Paamiut,GL,2022-01-28 00:38:02,61.994,-49.6678,2.23,87,71,10.83
513,Geraldton,AU,2022-01-28 00:38:03,-28.7667,114.6,84.61,37,0,13.8
514,Chapais,CA,2022-01-28 00:38:03,49.7834,-74.8492,4.78,96,100,10.18
515,Lompoc,US,2022-01-28 00:38:03,34.6391,-120.4579,66.42,39,0,13.8
516,Half Moon Bay,US,2022-01-28 00:38:04,37.4636,-122.4286,67.08,56,0,0.0
517,Yangshe,CN,2022-01-28 00:38:04,31.8899,120.6052,39.99,76,100,1.01
518,Yuli,NG,2022-01-28 00:38:04,9.6989,10.2744,66.79,35,0,9.31
519,Yaan,NG,2022-01-28 00:38:05,7.3833,8.5667,76.44,21,2,6.6
520,Nikolskoye,RU,2022-01-28 00:38:05,59.7035,30.7861,27.39,96,100,8.46
521,Kushmurun,KZ,2022-01-28 00:38:05,52.4503,64.6311,6.93,96,100,3.15
522,Botelhos,BR,2022-01-28 00:34:46,-21.6333,-46.395,64.81,94,100,0.09
523,Talagang,PK,2022-01-28 00:38:06,32.9297,72.4158,42.51,39,0,3.27
524,Santiago,CL,2022-01-28 00:33:52,-33.4569,-70.6483,71.29,52,0,11.5
525,Naryan-Mar,RU,2022-01-28 00:38:06,67.6713,53.087,8.58,95,96,12.48
526,Berezovka,BY,2022-01-28 00:38:07,53.7214,25.4993,33.51,98,100,15.32
527,Leningradskiy,RU,2022-01-28 00:38:07,69.3833,178.4167,-17.75,95,25,2.3
528,Dmitriyevka,RU,2022-01-28 00:37:04,54.75,55.3333,-2.65,100,85,3.74
529,Mbalmayo,CM,2022-01-28 00:38:08,3.5167,11.5,71.92,99,19,3.85
530,Grand Forks,US,2022-01-28 00:37:48,47.9417,-97.4337,-0.72,92,100,5.73
531,Karpogory,RU,2022-01-28 00:38:08,64.0019,44.4451,12.11,93,100,7.02
532,Jieshi,CN,2022-01-28 00:38:09,22.8134,115.8257,65.95,84,100,18.88
533,Beringovskiy,RU,2022-01-28 00:36:01,63.05,179.3167,4.42,94,100,3.0
534,Suyan,PH,2022-01-28 00:38:09,6.0603,125.3853,83.61,70,8,4.56
535,Baghdad,IQ,2022-01-28 00:38:09,33.3406,44.4009,44.51,57,0,5.75
536,Pisco,PE,2022-01-28 00:38:10,-13.7,-76.2167,68.05,77,75,20.71
537,Oktyabrskoye,RU,2022-01-28 00:38:10,43.0645,44.7417,21.34,100,97,4.47
538,Laurel,US,2022-01-28 00:33:25,39.0993,-76.8483,34.56,60,75,1.01
539,San Joaquin,US,2022-01-28 00:38:11,37.9333,-121.3011,65.28,45,0,3.44
540,Natal,BR,2022-01-28 00:38:03,-5.795,-35.2094,79.02,89,40,2.3
541,Kati,ML,2022-01-28 00:38:11,12.7441,-8.0726,74.61,14,3,2.04
542,Vilani,LV,2022-01-28 00:38:12,56.5525,26.9245,34.7,93,100,14.74
543,Ribeira Grande,PT,2022-01-28 00:38:12,38.5167,-28.7,57.6,77,20,10.36
544,Birobidzhan,RU,2022-01-28 00:38:13,48.8,132.95,-0.96,86,100,2.64
545,North Bend,US,2022-01-28 00:38:13,43.4065,-124.2243,54.25,90,0,4.61
546,Olinda,BR,2022-01-28 00:38:14,-8.0089,-34.8553,82.13,74,0,4.61
547,Atbasar,KZ,2022-01-28 00:38:14,51.8,68.3333,-1.44,97,100,4.94
548,Laguna,US,2022-01-28 00:35:53,38.421,-121.4238,66.04,42,0,0.0
549,Alexandria,EG,2022-01-28 00:36:57,31.2156,29.9553,48.74,76,40,9.22
550,Margate,GB,2022-01-28 00:38:15,51.3813,1.3862,44.31,85,58,1.99
551,Scarborough,GB,2022-01-28 00:36:46,54.2797,-0.4044,43.52,86,100,1.01
552,Ostrovnoy,RU,2022-01-28 00:36:09,68.0531,39.5131,17.26,90,100,9.57
553,Waipawa,NZ,2022-01-28 00:38:15,-41.4122,175.5153,64.92,48,30,7.78
554,Dumas,US,2022-01-28 00:38:16,35.8656,-101.9732,38.62,64,40,19.57
555,Kohima,IN,2022-01-28 00:38:16,25.6667,94.1167,43.0,95,27,0.96
556,Koungou,YT,2022-01-28 00:38:16,-12.7336,45.2042,78.51,78,0,4.61
557,Jaciara,BR,2022-01-28 00:38:17,-15.9653,-54.9683,71.85,93,100,3.15
558,Yuancheng,CN,2022-01-28 00:38:17,36.652,107.7896,26.31,45,100,2.93
559,Isangel,VU,2022-01-28 00:39:18,-19.55,169.2667,87.91,70,75,6.91
560,Cayenne,GF,2022-01-28 00:39:18,4.9333,-52.3333,71.64,100,40,0.0
561,Atar,MR,2022-01-28 00:39:18,20.5169,-13.0499,64.63,38,100,6.11
562,Arrifes,PT,2022-01-28 00:39:19,37.7667,-25.7,54.23,82,20,8.05
563,Velikiy Ustyug,RU,2022-01-28 00:39:19,60.7644,46.3106,6.76,95,100,6.82
564,Mao,ES,2022-01-28 00:39:19,39.8885,4.2658,45.16,100,0,8.05
565,Haicheng,CN,2022-01-28 00:39:20,40.8516,122.7475,15.53,45,0,4.16
566,Broken Hill,AU,2022-01-28 00:39:20,-31.95,141.4333,89.31,51,24,16.11
567,Soe,ID,2022-01-28 00:39:21,-9.8607,124.284,75.78,67,100,9.78
568,Killybegs,IE,2022-01-28 00:39:21,54.6333,-8.45,40.44,84,100,6.49
569,Saskylakh,RU,2022-01-28 00:38:26,71.9167,114.0833,4.26,89,86,14.88
570,Evensk,RU,2022-01-28 00:36:46,61.95,159.2333,19.63,82,100,36.53
571,Iqaluit,CA,2022-01-28 00:36:18,63.7506,-68.5145,-9.31,69,100,0.0
572,Leshan,CN,2022-01-28 00:39:22,29.5623,103.7639,41.25,92,100,8.37
573,Ust-Ilimsk,RU,2022-01-28 00:39:23,58.0006,102.6619,-16.55,100,97,2.15
574,Dunedin,NZ,2022-01-28 00:39:23,-45.8742,170.5036,62.8,61,15,13.0
575,Hualmay,PE,2022-01-28 00:39:24,-11.0964,-77.6139,70.39,85,100,8.59
576,Kungurtug,RU,2022-01-28 00:39:24,50.5994,97.5228,-18.6,97,100,1.54
577,Barentu,ER,2022-01-28 00:39:24,15.1139,37.5928,60.78,76,0,4.45
578,Shache,CN,2022-01-28 00:39:25,38.4167,77.2406,20.7,54,0,0.85
579,Nome,US,2022-01-28 00:39:25,64.5011,-165.4064,-3.84,70,0,0.0
580,Betlitsa,RU,2022-01-28 00:39:26,54.0095,33.9588,21.22,95,100,10.94
581,Tierralta,CO,2022-01-28 00:39:26,8.1736,-76.0592,74.77,93,87,6.38
582,Smithers,CA,2022-01-28 00:39:26,54.7804,-127.1743,25.12,74,75,3.44
583,Verkhnyaya Inta,RU,2022-01-28 00:39:27,65.9811,60.3094,4.46,92,98,9.98
584,Benghazi,LY,2022-01-28 00:39:27,32.1167,20.0667,56.5,56,69,12.53
585,Alta Floresta,BR,2022-01-28 00:39:28,-9.8756,-56.0861,68.77,98,100,1.86
586,Belaya Gora,RU,2022-01-28 00:39:28,68.5333,146.4167,-40.77,100,53,3.13
587,Riyadh,SA,2022-01-28 00:35:06,24.6877,46.7219,51.94,33,0,13.51
588,Ahuimanu,US,2022-01-28 00:39:29,21.4447,-157.8378,80.85,63,40,4.0
589,Port Blair,IN,2022-01-28 00:39:29,11.6667,92.75,80.64,78,40,4.61
590,Port Hardy,CA,2022-01-28 00:39:29,50.6996,-127.4199,48.38,57,20,13.8
591,Ambovombe,MG,2022-01-28 00:39:30,-25.1667,46.0833,68.61,83,1,8.95
592,Emba,KZ,2022-01-28 00:39:30,48.8264,58.1442,14.54,91,100,10.96
593,Boquira,BR,2022-01-28 00:39:31,-12.8231,-42.7306,66.4,93,100,2.33
594,Tevaitoa,PF,2022-01-28 00:39:31,-16.7833,-151.5,80.87,76,20,16.24
595,Adwa,ET,2022-01-28 00:39:31,14.1646,38.8955,56.25,76,0,3.33
596,Pochutla,MX,2022-01-28 00:37:07,15.7432,-96.4661,82.22,74,0,3.6
597,Panaba,MX,2022-01-28 00:35:13,21.2833,-88.2667,70.16,82,11,7.99
598,Matamoros,MX,2022-01-28 00:39:32,25.5333,-103.25,68.11,45,75,0.0
599,Zhigansk,RU,2022-01-28 00:39:33,66.7697,123.3711,-32.4,100,20,3.18
600,Ingham,US,2022-01-28 00:39:33,42.6,-84.3833,28.17,87,100,4.61
601,Sertania,BR,2022-01-28 00:39:33,-8.0736,-37.2644,74.84,63,62,6.62
602,Oum Hadjer,TD,2022-01-28 00:39:34,13.2954,19.6966,64.67,21,74,10.49
603,Avera,US,2022-01-28 00:39:34,33.194,-82.5271,43.72,45,26,5.91
604,Acoua,YT,2022-01-28 00:39:35,-12.7239,45.0582,78.71,70,96,6.93
605,Nantucket,US,2022-01-28 00:39:34,41.2835,-70.0995,28.96,71,0,10.36
606,Mayumba,GA,2022-01-28 00:36:13,-3.432,10.6554,75.83,89,59,1.88
607,North Platte,US,2022-01-28 00:36:31,41.1239,-100.7654,35.49,57,100,3.0
608,Grand Baie,MU,2022-01-28 00:40:35,-20.0182,57.5802,73.87,75,0,5.01
609,Shingu,JP,2022-01-28 00:39:14,33.7333,135.9833,47.39,49,19,4.03
610,Burnie,AU,2022-01-28 00:40:36,-41.0667,145.9167,72.95,88,100,3.4
611,Hovd,MN,2022-01-28 00:40:36,48.0056,91.6419,-4.81,87,99,2.64
612,Honiara,SB,2022-01-28 00:40:36,-9.4333,159.95,79.21,90,100,7.72
613,Lasa,IT,2022-01-28 00:40:37,46.6166,10.7002,44.06,62,47,7.43
614,Nalut,LY,2022-01-28 00:40:37,30.3333,10.85,40.66,41,6,9.04
615,Mogadishu,SO,2022-01-28 00:40:37,2.0371,45.3438,75.76,81,100,16.17
616,San Lorenzo,PY,2022-01-28 00:40:38,-25.3333,-57.5333,77.94,83,40,8.99
617,Puerto Del Rosario,ES,2022-01-28 00:40:38,28.5004,-13.8627,56.95,72,0,8.05
618,Non Sang,TH,2022-01-28 00:40:39,16.8687,102.5664,73.89,45,35,3.38
619,Tukrah,LY,2022-01-28 00:40:39,32.5341,20.5791,54.88,62,92,12.82
620,Broome,US,2022-01-28 00:40:39,42.2506,-75.833,26.85,57,100,3.0
621,Nanortalik,GL,2022-01-28 00:38:38,60.1432,-45.2371,11.68,78,47,10.49
622,Gat,IL,2022-01-28 00:40:40,31.61,34.7642,47.91,100,100,11.05
623,Kavieng,PG,2022-01-28 00:39:48,-2.5744,150.7967,84.99,66,41,6.2
624,Bonavista,CA,2022-01-28 00:40:40,48.6499,-53.1147,19.11,65,89,13.51
625,Haines Junction,CA,2022-01-28 00:40:40,60.7522,-137.5108,22.95,80,100,1.14
626,Buncrana,IE,2022-01-28 00:40:41,55.1333,-7.45,41.38,87,100,5.35
627,Cururupu,BR,2022-01-28 00:38:11,-1.8283,-44.8683,72.37,98,100,1.99
628,Labuhan,ID,2022-01-28 00:40:41,-6.8844,112.2051,80.83,79,100,8.46
629,Lata,PT,2022-01-28 00:40:42,40.1629,-8.3327,48.04,71,0,4.88
630,Finschhafen,PG,2022-01-28 00:40:42,-6.6024,147.8681,86.65,69,100,12.03
631,Niquelandia,BR,2022-01-28 00:36:01,-14.4739,-48.4597,68.34,92,11,0.51
632,Kargil,IN,2022-01-28 00:40:43,34.5667,76.1,-28.93,92,67,2.46
633,Narsaq,GL,2022-01-28 00:40:43,60.9167,-46.05,17.82,89,14,6.53
634,Sambava,MG,2022-01-28 00:40:43,-14.2667,50.1667,74.61,83,46,8.97
635,Sitka,US,2022-01-28 00:40:44,57.0531,-135.33,42.69,75,100,16.11
636,Abha,SA,2022-01-28 00:40:44,18.2164,42.5053,51.62,87,5,4.61
637,Sembe,CG,2022-01-28 00:40:44,1.6481,14.5806,70.34,32,100,0.22
638,Nouadhibou,MR,2022-01-28 00:40:45,20.931,-17.0347,62.58,82,100,16.11
639,Keti Bandar,PK,2022-01-28 00:40:45,24.1447,67.4497,62.31,37,0,4.63
640,Nueva Guinea,NI,2022-01-28 00:40:46,11.6876,-84.4562,69.98,89,14,6.51
641,Buala,SB,2022-01-28 00:40:46,-8.145,159.5921,79.75,85,100,4.14
642,Coos Bay,US,2022-01-28 00:40:46,43.3665,-124.2179,54.32,90,0,4.61
643,Shimoda,JP,2022-01-28 00:40:47,34.6667,138.95,48.56,57,100,5.75
644,Odweyne,SO,2022-01-28 00:40:47,9.4092,45.064,61.68,11,91,11.79
645,Kedrovyy,RU,2022-01-28 00:40:48,56.1667,91.8167,-5.39,100,96,2.08
646,Caravelas,BR,2022-01-28 00:40:48,-17.7125,-39.2481,75.83,89,5,5.46
647,Makakilo City,US,2022-01-28 00:40:48,21.3469,-158.0858,79.68,56,0,6.91
648,Tikhvin,RU,2022-01-28 00:40:49,59.6451,33.5294,22.21,92,100,8.23
649,Cam Ranh,VN,2022-01-28 00:40:49,11.9214,109.1591,73.36,68,20,5.75
650,Alihe,CN,2022-01-28 00:40:50,50.5667,123.7167,-0.17,82,25,4.43
651,Nouakchott,MR,2022-01-28 00:40:50,18.0858,-15.9785,66.13,64,87,14.18
652,Yulara,AU,2022-01-28 00:41:50,-25.2406,130.9889,84.04,58,100,12.66
653,Alofi,NU,2022-01-28 00:41:51,-19.0595,-169.9187,85.89,70,75,13.8
654,Kirakira,SB,2022-01-28 00:41:51,-10.4544,161.9205,79.21,89,100,7.23
655,Savonlinna,FI,2022-01-28 00:41:52,61.8699,28.88,23.25,100,40,4.61
656,Laela,TZ,2022-01-28 00:41:52,-8.5667,32.05,59.09,93,100,2.77
657,Eastbourne,GB,2022-01-28 00:41:53,50.7687,0.2845,44.53,84,20,5.01
658,Calama,CL,2022-01-28 00:41:53,-22.4667,-68.9333,61.32,33,72,7.27
659,Saint Simons,US,2022-01-28 00:41:53,31.1352,-81.3901,50.07,54,0,6.91
660,Lexington Park,US,2022-01-28 00:41:54,38.2668,-76.4538,30.65,65,20,3.44
661,Maku,IR,2022-01-28 00:37:01,39.2911,44.4521,22.24,95,100,4.54
662,Coshocton,US,2022-01-28 00:41:54,40.272,-81.8596,30.54,77,100,1.99
663,Hamtic,PH,2022-01-28 00:41:55,10.7023,121.9824,84.47,68,83,2.48
664,Isabela,PH,2022-01-28 00:41:55,6.7085,121.9711,78.85,68,78,3.4
665,Kolondieba,ML,2022-01-28 00:41:55,11.0882,-6.8926,74.26,17,6,3.62
666,Hamilton,US,2022-01-28 00:40:52,39.1834,-84.5333,35.82,67,100,8.05
667,Kharan,PK,2022-01-28 00:41:56,28.5833,65.4167,51.57,23,0,3.22
668,Kupang,ID,2022-01-28 00:38:16,-10.1667,123.5833,82.98,89,75,9.22
669,Beloha,MG,2022-01-28 00:41:56,-25.1667,45.05,68.61,80,0,10.69
670,Gambela,ET,2022-01-28 00:41:57,8.25,34.5833,77.47,36,67,1.45
671,Ulaangom,MN,2022-01-28 00:41:57,49.9811,92.0667,-19.82,94,92,2.89
672,Freetown,SL,2022-01-28 00:41:58,8.484,-13.2299,80.31,78,9,3.44
673,Sayyan,YE,2022-01-28 00:41:58,15.1718,44.3244,49.26,61,13,1.1
674,Apache Junction,US,2022-01-28 00:41:58,33.4151,-111.5496,66.25,24,0,5.75
675,Tucurui,BR,2022-01-28 00:38:38,-3.7661,-49.6725,72.09,97,100,0.76
676,Odlabari,IN,2022-01-28 00:41:59,26.8333,88.6167,51.15,68,5,3.83
677,Kokopo,PG,2022-01-28 00:41:59,-4.352,152.2633,85.68,65,97,10.27
678,Ati,TD,2022-01-28 00:42:00,13.2154,18.3353,62.85,23,25,14.0
679,Rassvet,RU,2022-01-28 00:42:00,46.8333,40.75,17.89,95,100,2.24
680,Santa Helena,BR,2022-01-28 00:42:00,-2.2311,-45.3,71.62,99,100,1.21
681,Toucheng,TW,2022-01-28 00:42:01,24.8592,121.8233,67.15,91,100,9.19
682,Nemuro,JP,2022-01-28 00:42:01,43.3236,145.575,9.03,68,11,8.93
683,Mayor Pablo Lagerenza,PY,2022-01-28 00:42:01,-19.9309,-60.7718,76.64,87,98,8.84
684,Mount Gambier,AU,2022-01-28 00:37:08,-37.8333,140.7667,69.71,73,100,8.05
685,Manadhoo,MV,2022-01-28 00:42:02,5.7667,73.3833,79.16,57,100,9.95
686,Soyo,AO,2022-01-28 00:42:02,-6.1349,12.3689,78.19,87,100,4.76
687,Grindavik,IS,2022-01-28 00:42:03,63.8424,-22.4338,41.47,93,100,24.16
688,Thompson,CA,2022-01-28 00:38:41,55.7435,-97.8558,-7.44,71,100,5.75
689,Tairua,NZ,2022-01-28 00:42:03,-37.0167,175.85,67.5,52,0,8.23
690,Guarda,PT,2022-01-28 00:41:49,40.5373,-7.2658,38.23,66,0,5.21
691,Sandanski,BG,2022-01-28 00:42:04,41.5667,23.2833,31.39,73,18,1.86
692,Kingaroy,AU,2022-01-28 00:42:04,-26.5333,151.8333,73.44,94,75,9.22
693,Miles City,US,2022-01-28 00:42:04,46.4083,-105.8406,31.17,69,0,3.44
694,Pyapon,MM,2022-01-28 00:42:05,16.2833,95.6833,71.31,74,6,5.59
695,Safaga,EG,2022-01-28 00:42:05,26.7292,33.9365,49.95,52,0,13.06
696,Srikakulam,IN,2022-01-28 00:42:06,18.3,83.9,63.66,76,7,7.76
697,Namibe,AO,2022-01-28 00:42:06,-15.1961,12.1522,74.08,85,100,5.44
698,Maridi,SS,2022-01-28 00:43:06,4.9158,29.4742,68.54,34,72,4.23
699,Kidal,ML,2022-01-28 00:43:07,18.4411,1.4078,60.33,24,15,12.84
700,Padang,ID,2022-01-28 00:43:07,-0.9492,100.3543,75.25,81,99,3.22
701,Kerema,PG,2022-01-28 00:43:08,-7.9631,145.7785,85.78,64,94,5.14
702,Goderich,CA,2022-01-28 00:43:07,43.7501,-81.7165,29.91,86,100,16.11
703,Amalner,IN,2022-01-28 00:43:08,21.05,75.0667,54.73,41,0,6.06
704,Marbella,ES,2022-01-28 00:43:08,36.5154,-4.8858,58.32,7,16,9.13
705,Boralday,KZ,2022-01-28 00:43:09,43.3578,76.8594,15.66,92,100,4.47
706,Pallisa,UG,2022-01-28 00:43:09,1.145,33.7094,71.74,42,78,5.14
707,Fort Nelson,CA,2022-01-28 00:43:09,58.8053,-122.7002,22.59,93,100,2.3
708,La Baule-Escoublac,FR,2022-01-28 00:43:10,47.2922,-2.364,48.0,94,100,0.0
709,Port Lincoln,AU,2022-01-28 00:43:10,-34.7333,135.8667,71.6,67,85,10.25
710,Gazanjyk,TM,2022-01-28 00:40:22,39.2446,55.5154,43.45,81,100,20.27
711,Gogrial,SS,2022-01-28 00:43:11,8.5332,28.1004,70.7,21,21,8.01
712,Ust-Charyshskaya Pristan,RU,2022-01-28 00:43:11,52.3934,83.6635,-7.74,100,69,2.89
713,Rehburg-Loccum,DE,2022-01-28 00:43:11,52.4667,9.2,41.38,83,75,19.57
714,Kalmar,SE,2022-01-28 00:43:12,56.6616,16.3616,37.33,92,100,19.57
715,Kirensk,RU,2022-01-28 00:43:12,57.7853,108.1119,-19.53,100,97,1.34
716,Plettenberg Bay,ZA,2022-01-28 00:43:13,-34.0527,23.3716,65.12,81,23,5.79
717,Marawi,PH,2022-01-28 00:43:13,7.9986,124.2928,66.65,74,24,2.57
718,Santa Rosa,PH,2022-01-28 00:38:35,14.3122,121.1114,84.18,72,60,10.27
719,Viru,PE,2022-01-28 00:43:13,-8.4167,-78.75,69.1,81,100,4.0
720,Cotonou,BJ,2022-01-28 00:43:14,6.3654,2.4183,80.58,89,78,5.75
721,Axim,GH,2022-01-28 00:43:14,4.8699,-2.2405,78.15,85,25,4.54
722,Saldanha,ZA,2022-01-28 00:43:15,-33.0117,17.9442,60.85,85,0,15.68
723,Lyskovo,RU,2022-01-28 00:43:15,56.0328,45.0422,-2.69,99,96,5.66
724,Auki,SB,2022-01-28 00:39:24,-8.7676,160.7034,78.48,90,100,5.06
725,Grand Island,US,2022-01-28 00:43:15,40.925,-98.342,33.75,76,100,1.99
726,Lavrentiya,RU,2022-01-28 00:43:16,65.5833,-171.0,-10.62,89,23,3.96
727,Temnikov,RU,2022-01-28 00:43:16,54.6302,43.2148,0.55,99,100,4.92
728,Hirara,JP,2022-01-28 00:43:16,24.8,125.2833,71.46,83,75,12.66
729,Manhush,UA,2022-01-28 00:43:17,47.0558,37.3107,22.15,88,72,5.64
730,Longyearbyen,SJ,2022-01-28 00:43:17,78.2186,15.6401,10.24,79,75,8.05
731,Ossora,RU,2022-01-28 00:43:18,59.2353,163.0719,31.17,97,100,30.31
732,Galesong,ID,2022-01-28 00:43:18,-5.3166,119.3661,75.22,71,100,5.75
733,Aquidaba,BR,2022-01-28 00:43:18,-10.2814,-37.0186,73.27,90,100,5.88
734,Kununurra,AU,2022-01-28 00:43:19,-15.7667,128.7333,82.38,83,40,5.75
735,Devils Lake,US,2022-01-28 00:43:19,48.1128,-98.8651,-0.42,78,0,6.91
736,Smidovich,RU,2022-01-28 00:43:19,48.6,133.8167,-7.13,91,100,4.03
737,Tolmin,SI,2022-01-28 00:43:20,46.183,13.7332,39.72,89,42,1.72
738,Northam,GB,2022-01-28 00:43:20,51.0333,-4.2167,42.73,86,12,2.51
739,Tautira,PF,2022-01-28 00:43:21,-17.7333,-149.15,84.22,76,22,17.9
740,Tyukalinsk,RU,2022-01-28 00:43:21,55.8732,72.1967,2.37,98,96,5.75
741,Viljoenskroon,ZA,2022-01-28 00:43:21,-27.2084,26.9485,62.33,73,13,4.65
742,Sao Geraldo Do Araguaia,BR,2022-01-28 00:43:22,-6.4006,-48.555,71.55,98,100,1.39
743,Agirish,RU,2022-01-28 00:43:22,61.9247,63.0231,3.7,93,90,6.42
744,Camapua,BR,2022-01-28 00:44:23,-19.5314,-54.0439,73.18,91,100,2.19
745,Bandarbeyla,SO,2022-01-28 00:44:23,9.4942,50.8122,73.9,67,100,20.22
746,Lalibela,ET,2022-01-28 00:44:23,12.0333,39.0333,54.41,54,7,1.48
747,Kristinehamn,SE,2022-01-28 00:44:24,59.3098,14.1081,36.16,68,98,16.13
748,Arman,RU,2022-01-28 00:44:24,59.7,150.1667,2.86,82,100,15.08
749,Manaure,CO,2022-01-28 00:44:24,11.7751,-72.4445,77.34,76,5,17.09
750,Mayo,US,2022-01-28 00:44:25,38.8876,-76.5119,34.2,65,0,1.01
751,Sosnovo-Ozerskoye,RU,2022-01-28 00:44:25,52.5249,111.5418,-26.7,100,92,1.79
752,Sao Gabriel Da Cachoeira,BR,2022-01-28 00:44:25,-0.1303,-67.0892,73.08,98,100,1.92
753,Kenora,CA,2022-01-28 00:39:32,49.8167,-94.4337,-0.42,65,40,5.75
754,Santa Cruz Cabralia,BR,2022-01-28 00:44:26,-16.2781,-39.0247,77.23,88,40,4.61
755,Puri,IN,2022-01-28 00:44:26,19.8,85.85,55.92,66,6,9.82
756,Nichinan,JP,2022-01-28 00:44:27,31.6,131.3667,49.15,60,91,4.27
757,Bud,US,2022-01-28 00:44:27,39.447,-86.1758,32.25,82,100,5.93
758,Erdenet,MN,2022-01-28 00:44:28,49.0333,104.0833,-9.33,97,12,0.81
759,Saint-Denis,FR,2022-01-28 00:44:28,48.9167,2.3333,46.18,96,100,3.0
760,Kieta,PG,2022-01-28 00:44:28,-6.2167,155.6333,85.33,67,100,3.51
761,Huarmey,PE,2022-01-28 00:44:29,-10.0681,-78.1522,71.38,84,100,8.08
762,Sola,VU,2022-01-28 00:43:23,-13.8833,167.55,84.87,74,75,3.44
763,Deyang,CN,2022-01-28 00:44:29,31.1302,104.382,40.8,82,100,1.19
764,Waitara,NZ,2022-01-28 00:44:29,-38.925,174.25,70.0,42,92,8.48
765,Santander,ES,2022-01-28 00:44:30,43.4647,-3.8044,45.46,70,1,1.99
766,Contai,IN,2022-01-28 00:44:30,21.7786,87.7536,56.53,58,10,8.75
767,Basco,PH,2022-01-28 00:44:31,20.4487,121.9702,75.4,88,100,25.77
768,San Vicente,AR,2022-01-28 00:44:31,-26.6167,-54.1333,67.6,93,98,5.23
769,Bol,TD,2022-01-28 00:44:32,13.4586,14.7147,64.44,37,38,22.06
770,Candolim,IN,2022-01-28 00:44:32,15.5181,73.7626,73.4,64,20,11.5
771,Olafsvik,IS,2022-01-28 00:44:32,64.8945,-23.7142,40.77,96,100,30.94
772,Belgrade,RS,2022-01-28 00:41:36,44.804,20.4651,29.7,92,18,3.44
773,Beian,NO,2022-01-28 00:44:33,63.6559,9.5683,37.49,65,75,29.93
774,Vestmannaeyjar,IS,2022-01-28 00:44:33,63.4427,-20.2734,43.02,87,100,26.04
775,Sobolevo,RU,2022-01-28 00:44:34,54.4299,31.8996,29.16,97,100,15.14
776,Ambilobe,MG,2022-01-28 00:44:34,-13.2,49.05,72.9,92,100,2.64
777,Yaring,TH,2022-01-28 00:44:34,6.8662,101.3689,71.64,81,82,8.16
778,Chumikan,RU,2022-01-28 00:44:35,54.7183,135.315,-10.62,89,65,11.39
779,Sandane,NO,2022-01-28 00:44:35,61.7728,6.215,38.62,99,94,3.8
780,Oistins,BB,2022-01-28 00:44:05,13.0667,-59.5333,73.49,83,20,6.91
781,Chilmari,BD,2022-01-28 00:44:35,25.5559,89.6715,54.41,62,0,0.94
782,Tiarei,PF,2022-01-28 00:44:36,-17.5333,-149.3333,84.22,76,14,18.57
783,Garowe,SO,2022-01-28 00:44:36,8.4054,48.4845,64.69,79,100,7.81
784,Rutland,US,2022-01-28 00:39:58,43.6167,-73.0162,23.45,63,100,9.22
785,North Myrtle Beach,US,2022-01-28 00:43:32,33.816,-78.68,42.06,48,0,5.75
786,Constantine,DZ,2022-01-28 00:44:37,36.365,6.6147,33.21,86,0,2.3
787,Cap Malheureux,MU,2022-01-28 00:44:37,-19.9842,57.6142,73.89,75,0,4.0
788,Vadlapudi,IN,2022-01-28 00:44:37,14.3167,79.8,69.04,88,17,8.28
789,San Carlos De Bariloche,AR,2022-01-28 00:45:38,-41.1456,-71.3082,78.55,29,40,3.44
790,Boshnyakovo,RU,2022-01-28 00:45:38,49.6333,142.1667,7.2,64,100,2.21
791,Cockburn Town,TC,2022-01-28 00:45:38,21.4612,-71.1419,78.31,72,0,10.69
792,Shipunovo,RU,2022-01-28 00:45:39,52.1582,82.2173,-14.1,100,91,0.65
793,Kagadi,UG,2022-01-28 00:45:39,0.9606,30.7967,67.19,48,100,0.98
794,Kavaratti,IN,2022-01-28 00:45:40,10.5669,72.642,79.02,72,57,10.42
795,Yar-Sale,RU,2022-01-28 00:45:40,66.8333,70.8333,2.39,97,100,6.2
796,Havoysund,NO,2022-01-28 00:45:41,70.9963,24.6622,23.88,74,100,15.32
797,Futog,RS,2022-01-28 00:45:41,45.2419,19.707,30.25,85,89,1.36
798,Orativ,UA,2022-01-28 00:45:41,49.1889,29.527,29.89,87,100,12.84
799,Cabedelo,BR,2022-01-28 00:44:32,-6.9811,-34.8339,77.67,80,56,8.05
800,Aljezur,PT,2022-01-28 00:45:42,37.3191,-8.8033,51.19,74,6,5.37
